{
    "args": {
        "bandwidth": 16000,
        "batch_size": 5,
        "dataset": "MM",
        "epochs": 1000,
        "hidden_size": 512,
        "lr": 0.001,
        "lr_decay_gamma": 0.3,
        "lr_decay_patience": 4,
        "model": null,
        "nb_channels": 1,
        "nb_workers": 4,
        "nfft": 4096,
        "nhop": 1024,
        "no_cuda": false,
        "output": "./pre-train-model/Open-Unmix/",
        "patience": 10,
        "quiet": false,
        "random_interferer_mix": false,
        "root": "../data/MM/",
        "samples_per_track": 64,
        "seed": 42,
        "seq_dur": 6.0,
        "source_augmentations": [
            "gain"
        ],
        "target": "piano",
        "testInst": true,
        "trainInst": true,
        "unidirectional": false,
        "weight_decay": 1e-05
    },
    "best_epoch": 74,
    "best_loss": 0.40968846080637406,
    "epochs_trained": 84,
    "num_bad_epochs": 10,
    "train_loss_history": [
        1.0073015291687692,
        0.9862725371494889,
        0.9938578963601771,
        1.0026799937814614,
        0.9983316491244831,
        0.7072420180992824,
        0.5136433032680755,
        0.47170204202270255,
        0.4417815914260067,
        0.4311153709444557,
        0.4085314474721378,
        0.4127766538333043,
        0.4068864393787824,
        0.39663221002730464,
        0.39067679252823656,
        0.3838384633461692,
        0.3749801009266733,
        0.3779912528029217,
        0.3716346725112123,
        0.36015967313618025,
        0.36591876892233705,
        0.36309406226152713,
        0.3637148439361949,
        0.3532728574382333,
        0.36125977015967053,
        0.3500344189271226,
        0.35036476718035536,
        0.3455658253961217,
        0.33974709185754237,
        0.34671848400487243,
        0.33636339736675896,
        0.3274025045940217,
        0.3218863809211441,
        0.3263622163969014,
        0.31990151996637267,
        0.31565116122843717,
        0.3125872405781193,
        0.31644315224697933,
        0.3145781559499729,
        0.31781819716496307,
        0.31240622553904757,
        0.3186334975033337,
        0.31813264131398056,
        0.31452170739637986,
        0.3179997020514212,
        0.31218707263382656,
        0.3089173890467489,
        0.31202605782538023,
        0.30842324607422417,
        0.30618111292883826,
        0.3121869198033569,
        0.30468671946681897,
        0.30809664674033627,
        0.31775287677594855,
        0.30938183002078157,
        0.31222925240730987,
        0.29872367607873523,
        0.30369787404931664,
        0.2973626499199178,
        0.30389548527842786,
        0.2964605006854981,
        0.30119760640217946,
        0.29801459084743653,
        0.2969739403593067,
        0.3002693249243442,
        0.29741577424596405,
        0.28582877528235734,
        0.2944473127843203,
        0.2973959664618335,
        0.28978680607984625,
        0.29400499895972276,
        0.2905753412975921,
        0.29152095511938647,
        0.2953032145067771,
        0.2913051412297221,
        0.2977005319983185,
        0.2909867196043553,
        0.28969310922330577,
        0.29998079006055317,
        0.29083996145359337,
        0.2853211759846379,
        0.28808678681614036,
        0.299017955771012,
        0.2937282192929883
    ],
    "train_time_history": [
        165.3978099822998,
        164.90301299095154,
        702.9634385108948,
        160.25576210021973,
        161.32300472259521,
        161.374107837677,
        161.6965217590332,
        161.65949487686157,
        161.41150951385498,
        161.6977095603943,
        161.73189187049866,
        161.31561422348022,
        162.36004972457886,
        161.65524220466614,
        161.68341898918152,
        161.6233332157135,
        161.16617131233215,
        161.4898602962494,
        161.46353006362915,
        161.77854704856873,
        161.87296199798584,
        161.14053606987,
        161.303395986557,
        161.3736011981964,
        161.61492919921875,
        161.32251238822937,
        161.28786945343018,
        161.4591200351715,
        161.56296515464783,
        161.22369408607483,
        161.04572987556458,
        160.75090527534485,
        161.98677372932434,
        161.95213961601257,
        161.30012917518616,
        161.62357139587402,
        161.57982850074768,
        161.22856426239014,
        161.46767950057983,
        161.60384559631348,
        162.10638761520386,
        183.6797971725464,
        183.38349890708923,
        183.10168027877808,
        182.8621802330017,
        182.53346252441406,
        183.79109859466553,
        181.1443305015564,
        181.59698677062988,
        183.7327938079834,
        184.1125407218933,
        184.10530972480774,
        181.95698237419128,
        181.56370329856873,
        183.53882122039795,
        181.2165310382843,
        181.50112748146057,
        183.5207371711731,
        183.95124650001526,
        184.22479844093323,
        182.79288029670715,
        183.0842571258545,
        183.57886409759521,
        181.45566654205322,
        181.94903230667114,
        183.9886875152588,
        183.5128207206726,
        183.2597680091858,
        182.60086679458618,
        182.38324975967407,
        183.4992220401764,
        180.89303278923035,
        181.85385584831238,
        183.3564167022705,
        183.45949006080627,
        184.13651609420776,
        182.74325799942017,
        181.9821138381958,
        183.69339108467102,
        182.03300642967224,
        181.82341194152832,
        183.39286756515503,
        183.7356550693512
    ],